-6467.561051496955,5272.941614206324
246.34202978909525,-6018.313271053193
-167.43441719978546,5078.307936084249
-4358.947727840041,-7584.829729974252
-3356.349545950908,-7615.875837252477
6839.713202204763,7267.426912608025
8186.172524666468,-5335.110008397919
-7233.590411961721,-532.0236313348705
2843.028493212665,2596.996176359189
-1214.1824157866013,-4892.539020367361
6185.14467599023,-8214.435504328834
-6697.165409641432,5055.743339580928
280.221256475792,2837.8439777980966
-9180.610517426989,384.722894105018
608.1139286679336,2338.612846633954
9141.85334131416,1383.276319098839
4724.5454593775685,3989.573853110427
6628.986201049127,-2175.905217278324
279.7357745453519,-4015.9933977451856
-1391.2994404164365,7809.286469611336
-4025.299710447656,2630.8650320604047
-6556.220205721987,7437.539226819907
5460.635655968255,833.4070267198276
1248.5450677135486,6764.264019553597
-1211.4046885860134,-7342.548075541739
-6276.800090232848,6362.664235170878
9328.9818690579,-8837.459218613565
7746.744327038785,-341.68112937704063
9456.752774892397,2298.5750965243824
7961.713189271901,-5989.443975889968
3945.000077851202,5328.98938277179
3840.27106301964,-282.83749194893244
4734.518396879357,-7649.585305254524
3615.138715921397,8227.431020030068
-941.2601566743396,-2690.5160062732048
-3839.676733741926,5846.079858837909
-9504.453729542463,533.1461886343022
-6419.378696341695,3606.485076923351
-9531.498450166318,4866.334700798856
-3657.254229645741,-8359.130470932676
8515.246322970219,2550.074046092901
-7732.069105958743,7303.020190817257
1927.7560083525784,-8214.5177394536
-4183.414820576619,-677.1977392869994
-5263.893573967495,2981.92994819683
-2409.2474590932334,-3873.724096286226
2875.440897475548,4911.481149948973
4607.079285587824,-8753.997155340247
-9058.981821168263,4804.532269747886
-2145.9310781234044,3587.5261717697995
-3167.734332618528,1436.61596130615
-3543.670856561005,-5878.7108232730525
2073.720128883764,-1111.3037116023334
-5684.418080781797,5493.558033109537
-1631.3743128158694,-4260.296240115928
6895.265935312669,5805.608172562575
-5190.899278423184,7394.17701164856
-2614.750531147034,1068.3607347862817
9007.913305951632,8457.44167230248
4239.252732152618,2072.41291489952
-5630.087227180731,1042.8125446521117
4060.395677947972,-3536.3416158794635
-4669.465215498032,1747.2375988655913
-1262.6913112051825,-5968.493430521616
-9948.01304264724,-120.58964334038136
-6907.93500001292,7063.564099616087
-791.2276568709494,-8058.850266205834
-8880.586409752566,4838.118803960824
-2178.7980167313444,-2459.8653247652464
6696.863520996914,-4496.980669204088
8827.441624133353,7751.032361190777
1433.3001187351983,9161.666077091915
1935.8265384076385,5513.421193561126
-1673.820703731044,2072.2499516530715
1456.674599002199,-2555.9553932065683
4631.386246888158,2250.7819925161803
-5366.050275928435,9073.98565304443
3503.8005142539987,-8187.621402963865
8432.950671583723,-9809.503439792084
-5793.59359623026,6557.084077979009
7539.320274046997,-2409.0844057314835
9256.615895719216,-3081.3354898248017
7446.622815339881,-3443.1526543496057
-3406.0584541163234,-7697.643382447021
-6282.660612769165,-8776.679658668825
-7252.250528675628,-6277.1277188114855
-2430.7691182378103,-9680.188751694272
-2676.796908257129,3714.0098936556983
-6038.279491735599,-3542.263899257896
-5240.972033342843,6670.477998471881
8447.270378028901,-3861.430918501316
4856.7734328920615,-9986.83030663236
-330.9812717301593,-3430.695682646769
-6260.034146920477,-9865.553212643235
8648.575188019422,4524.816841179074
5266.702297198342,6434.631949562794
-8126.109451783103,7294.052768587164
-4975.71989705559,-5041.713216847214
-2530.6359497905914,-788.3377675847241
5613.234364889266,3135.709614587568
-4660.366133341505,8355.215673004386
1643.8589181550742,4186.974367050092
-3469.8579762320715,9850.978096481287
2288.4565545897804,7395.634113477077
8897.883299404224,-4347.393887803326
8452.415423429276,7453.171154171163
3888.448479696932,-1578.459406635142
2537.820707258301,-8953.423079260845
4350.526411954494,-1036.328041631894
4569.108587827344,9121.58776323525
3935.525800730289,-8644.968448791633
1545.3085327536264,-7124.662798789798
9254.338438521723,-233.10418288712208
-2492.3769336331734,5953.797213017482
1424.1323990912624,-6170.647231936355
-8453.847123940037,-3324.414075286126
-766.6628103282528,-8851.738595063583
9970.097952511996,-2399.4845433914106
-5980.40729980466,-8724.997261768785
8609.628597371811,7554.444076425309
-9456.215341097852,-8966.024924955302
-5515.136216705565,2867.193144710678
-5339.518520104871,-3582.879003110471
7527.204235928377,7579.235114274179
2709.400962243324,-4.7873929280322045
6989.493784263104,-1763.404692833703
-4985.662990449755,-3551.2070279003
-1823.640113477938,3367.2311820255945
-9793.129377968424,-1145.084872334446
5315.972991741002,2559.55588686583
9631.097215239295,4905.158312788262
7100.821816923151,3265.6289973941566
4754.128460310401,-962.6505553334882
2372.68238278002,5242.899362724742
-4086.448257657802,240.1709644357761
2567.0947775527748,3812.684012577769
6646.97797151946,-7063.723656618995
-7377.623372663218,-7315.086892925374
-5946.769855693441,2643.178686615538
-5127.842979415751,4009.302365184167
-610.446831834528,-5371.486938909131
6288.922340260182,-387.135523623625
9374.265059779773,1012.8888187153698
455.2056551234364,-1319.329250634477
-7054.561330893892,7870.153701569317
2025.2524886157423,-2187.5762513716054
-775.2769550102876,-2342.357715657823
-9128.466492634272,-3689.808736137432
7268.149175279548,3568.2809142585083
-8972.221863958011,-9821.824637838075
-6926.987568417642,-2968.42597251431
1742.5537751038464,-8445.862984155408
3638.221742124717,6171.365347548039
8708.70089722229,-4731.607561528847
8324.35733668708,3438.6704786137525
7898.24604762375,-4586.056564344789
-8273.902779458522,1450.4905792142126
9178.697830784644,-3354.5473862985546
-5357.446501013145,9341.907816797291
4183.747682405177,1758.7032827939256
3057.6269269668283,-3203.346759567851
-1623.323286978959,3459.058720945113
-6866.699655117725,8051.04647992325
-2621.3210774346844,430.2269955061074
-326.5285160655476,-2793.230354500968
-3266.697218297163,3665.375994897495
5201.340200415054,-8606.313433720343
2321.6589507322733,5249.504132022235
-9455.545666150514,-5539.963643009251
6535.429975564206,-9844.939052168613
3459.5476761638274,-275.9391320012328
2629.081441475655,7256.547880636528
6748.548695984406,8458.440331614765
1599.041908386787,-669.1230007974336
-9904.366735413876,570.7674278106297
-8718.89684166795,-5365.578965758557
8740.326550691654,4219.410328687918
9966.128984726114,7353.878316191614
4709.209773835901,-7794.977724155839
-5324.353920151592,9173.750174302457
4431.809956766803,-320.2247448650924
-8180.035447429827,-1674.4862618904044
707.7212864050671,121.9428989307653
1820.2175361800475,2964.1776052269925
6994.775040537588,7485.294847407091
-286.82838964240545,-2223.0305604351734
2424.306315857588,3446.946411715484
3996.754489197574,-5632.474171070314
-7232.808846488057,5520.111621563372
7984.819534674818,-8841.52987624649
8592.907160814419,-2272.4419003883486
9557.861836397162,-7996.222153018449
-4463.310940580587,5775.500851311022
9656.36624316038,-8655.265682119905
-7165.958188428745,-7918.537918227998
-7406.7412627369085,-9628.57549253011
-3916.134773673892,-6569.224519824969
5975.150977588715,2685.2314687715207
4986.844658517484,-9110.22471412599
637.4384565185028,3688.924122912882
5931.229368737135,-3610.156165005967
7099.529694449699,5349.938308857807
-9906.99337563015,-9012.27732726976
-7067.527618453229,-949.7771309564888
-9500.769459981631,8938.427611745847
6641.892385219617,-4240.998143198329
2069.5824536026703,7011.137659566837
6787.0169692494965,3268.498733898108
-1946.090829213842,6115.134525835972
-1920.461473910027,5574.443687476749
8393.277827162485,-3201.901028432115
7253.290634651708,8806.888821510278
3468.244007597026,-3528.6166669614104
1652.90741716067,-4566.476415369243
1275.596960765875,-4985.151435658932
-6205.008021553884,9931.574594926424
-7511.767290391748,-3767.864363150177
6601.943912988991,-3680.922898939769
-307.10769167784383,3611.422816633285
4461.7517135698,7411.28196163175
2912.883461506832,6907.211724859451
-4483.690074463391,2442.778864969543
-3736.200928594247,4329.639159725573
-2882.276316965551,3992.474682795737
2793.568641641636,-2560.45111394638
-6286.334564156057,2834.8751963946943
-8574.021568652752,-3094.4550105724875
-7789.409646601061,-8254.83512966556
-5552.626258194535,6839.698088073339
5188.668048537424,9688.631304747229
-6175.936255611332,-2101.471699033462
-5478.406718055797,3568.4421486274514
-3203.0323545086485,3921.438625222652
-8547.164198357204,1515.9540570420286
-9815.209300603568,-8625.262434358818
-2767.160274335467,797.3932583646802
5070.498205800883,2050.887939708553
-5651.956836863965,-3198.852303655728
9200.88701353914,8174.944424114172
5015.841430383443,-768.2422255961756
3091.29332072716,-1246.813020467136
-6191.816872811873,-2766.1057639118817
-3669.638459436861,714.299726717758
-4834.22903430752,-3967.5486560868
4433.7682904216,-4805.428997723507
-5847.9762569587465,2931.482143864856
-6816.475884820848,-8659.163480968602
5042.915007176769,9632.582139257813
370.99454733908897,6440.524826097106
-5224.3961251407645,2890.502768120359
1607.2304854086506,4021.747262229983
1550.990263931846,5057.907555996848
-9157.560404169928,-8993.728553463512
432.1056386017135,-1416.616935786331
555.3752054524484,826.1936633815039
9586.783891019702,-7173.158073998844
9078.4580806913,2514.102118299468
8044.019451375934,-5153.915079834324
4271.367508407147,9606.25165118908
-6570.057816550463,406.7040593959591
1612.8112731030906,-2848.6801414387955
-2986.460393434969,-6414.45221073607
-1402.7505250555878,-989.0320746238704
-1567.4167154401202,-864.7352020237231
-1138.6391957621963,-4857.7631590312985
6014.345846368184,-3641.538448686088
-3512.8987818723026,6539.639994174435
8853.544084379686,-8472.449125512212
-4243.194981040936,8071.456018297042
9169.31656872082,-8029.852065148284
8357.698437254381,472.5143759316725
4969.220553219211,-2754.561468536527
956.2022269528044,-8196.80204519034
7606.803575105325,-3919.156605442407
4358.935473552621,-6260.480235851326
-3128.1801954951143,8918.528956745187
8659.783672582696,-5633.770487141281
-9900.72493438245,-7078.688754920062
-1606.3642833111062,5788.309962410138
884.7347448154378,351.1055870218879
7918.649302401202,-7041.964290969092
6843.156430068233,7814.639445902048
-4366.760570652284,-4717.950513752125
7631.152059237873,-7664.146690989893
-3051.595735936099,5422.921134750432
-7320.781028356565,-1488.2664737972373
-3034.256516293747,2978.6867773431186
82.43198297055278,-1342.9859280218116
-7958.889121573798,-9208.602674745014
-3446.5553875779806,6626.128508814025
3073.32133512136,-9841.370645959369
3353.208102910523,-1835.0793122744635
-6877.109474921834,-9688.301040570916
1118.4616307886918,-1063.6369400612366
-5902.020753820083,-9307.392601487603
-7790.576999242687,-958.7161788922222
-6025.636059084047,-6799.272379291497
-4957.89249152339,8195.45071131812
-6662.730884472028,-7284.0097427027795
6350.302857404722,-7805.266234495142
6943.617324694438,598.3147088445148
-1003.4362187234964,6730.458948296979
-6779.2334111247965,1992.137508689253
540.2099437166071,6920.701760223023
6071.543481383464,3950.0846399226302
34.00719535753706,-5019.474528886441
-2523.637711248254,2052.11369648499
6706.405799050252,-3623.963915821666
6215.867319435509,5904.40656170305
5592.136889667636,-6055.283117219638
4546.111389832427,-651.7906004126053
5319.363154540553,-1885.213436586541
-9715.535620229388,9948.283191729815
6990.350364868136,-8118.312824282437
3206.5605791093494,-7810.41782481996
4280.938644852036,-6796.650108001428
4260.239567901919,-7585.173197992963
-4179.93409922907,-105.7669407915455
8750.696516023138,8784.582877524008
-6959.640395288551,5688.982726574659
4938.58169504378,3690.6366629292697
-2529.2007653556857,-6036.8059822086325
6163.424033288378,-5533.894056264208
-5915.508394292743,8.336078063852256
-3532.0928896011774,6533.261126044356
5482.729686662504,6381.46437445194
729.7202158015298,-7385.3921523887075
-4858.896831128561,346.8836983489091
-1897.961972760747,5397.113573805302
-3212.3869291397323,2144.841366441025
8231.945505995962,-7383.807236874333
-2937.7525410334047,-272.36117360938624
-2610.5650031021432,8619.617520840868
3904.413236346525,8286.48086711052
6264.84790110271,-6420.997801859987
-9916.85608995157,-2581.628456021432
-3783.148221180061,-8621.48772314832
-8917.666381010118,9987.06718516289
-2975.6664435214607,-9287.317673304273
-3766.953521366801,-7115.836580761436
-4506.108145572493,-9492.341289302783
2030.3717419614225,-7043.774777563518
3745.773071297601,3736.1512086031616
4305.027109116631,6051.2759303757975
197.1411122666632,2449.9284745367318
1384.033092487236,3061.2207934926246
7613.710016686819,-2264.405440657997
8241.718493515706,-2855.789350401381
-2947.536910754972,5179.288281005331
-7724.370760962067,6751.573360056205
-452.9557192031716,-5766.47999333505
-7681.218664548371,7243.418843295625
-9984.658316522347,-1496.489930551781
-5734.509866803314,-59.94085714896755
-9317.411397090713,-2563.436496563778
2401.5079163820174,-6200.37962081546
-9029.972725562964,6025.710569143474
-1101.7846185838916,614.050707760649
8862.842731620087,6057.357246054276
-9145.079406171297,2043.4438661097229
5034.7423929568085,110.0958106628932
3703.9007965291785,-4213.025407852047
3229.7968118323297,5230.341873500574
-9634.599984451326,-5461.8658137083685
7606.500675438096,-2318.020771917761
-9527.413748694287,-2630.684534796724
6595.306185813755,5627.487933112427
9238.386852193766,3039.617910962821
-3448.04439788952,-8052.018070311098
-951.2062761532052,-5919.9345488843
-7545.045627767064,7316.652015375337
2581.63530183725,-3428.063506509955
-402.1476746606932,-4232.671925951752
680.4372033447617,-6270.31039758497
-7173.44928220701,-570.2987121812548
-3970.977504098567,2597.2356725614554
-7812.652613542319,-9725.826584784956
-9820.144260166322,-6009.658412939998
-1990.255261810184,-3675.448281728981
6157.963093749766,-7598.448678994525
2329.574495207722,2445.217961384449
9872.919278439484,-1800.8835082062142
9947.48979173632,469.5985921447773
2114.227162645513,-5320.938982298462
-4633.716800883072,1540.2616330633537
-6413.628584119979,3165.6255259658938
-2271.3399294829187,2405.885008474841
9872.643817838874,1803.8920056195548
3359.144713394302,-920.1351740207284
4527.076197247399,-1833.7158156625017
-7659.003416748123,1801.4674069550256
5098.875584421752,8505.849360304437
2313.9420577407327,1266.5711607898538
9584.43195386686,5741.37632304004
5653.539330302556,-5719.406275177985
-3239.066658075718,-1684.774569643714
-9745.479246036028,-4870.536008206696
-8731.520787076905,-2398.249276956237
-29.56589549171258,2289.972192030955
-1055.4715179328505,2303.674393576701
1869.6522941714863,8795.703433156592
-1618.1152669557832,-259.5520748717681
-1126.3322030013078,4442.836265038326
-1554.4671844316308,-9597.04096227324
5906.225106511469,-8371.59696701445
-5329.243219459075,-4085.2544329583625
-9157.51093532179,-4699.543055828688
-6307.480262486036,5802.999648429008
-4719.712706154338,-4780.997561553151
7287.378163944697,7858.382774081161
-228.3512027840825,6626.382647862185
-6581.236686995082,7024.848773966489
-6534.573706870726,5000.913139489698
5621.901063395619,1280.9736838549395
-3581.966965944094,-7105.838961348074
-589.92774426918,3095.1587000788168
8246.549755723663,-6962.566981434804
854.527707746458,-2948.6487204319656
2869.49250773574,-6894.709781414616
8334.576133712824,-9235.538491552968
4370.022376446301,2285.105675121251
4578.771052688078,6658.852674583359
8789.412769301089,-622.6519797067922
-6678.898460939328,2548.2078502883014
-6121.458023597051,6353.727907248956
-1595.370833038658,-6702.792337717614
3859.5173040819536,777.5240933060195
2854.1681531490303,-4429.645278870637
7236.956312564544,7495.252589174514
7947.590333855318,-8977.30598881385
-3248.6460748914924,-1649.9823205449502
5565.952229287974,1143.0891032513773
-4420.024208165339,-3350.8006871278703
-7368.781049847661,-8566.09252408617
1616.7694592413009,6401.083480013262
2529.00561432611,6662.944704732927
-9548.402932174507,5705.417205730912
847.1183343743978,244.453659156552
-4524.94575827749,9390.239711449034
9719.665115011005,-5746.414079145135
-8997.283537127772,6098.924122679207
7327.276542911848,3907.953082856959
-2751.6754586085,-7183.137180625307
5017.727006397343,-7680.80447329293
4605.750420431506,2817.109658714533
-1898.38179428224,8288.489321664154
-4549.126000849675,5003.439572038298
8619.084496358937,6332.002582032939
-2043.9352100945036,4001.674389562273
-7896.47768662729,117.4274293309736
3398.2199924378056,-1734.1941151079443
5688.825998529166,-6415.425189118445
-9787.277723917552,3840.109419321232
5658.587058873554,-317.3809388449208
7284.105895370532,-8188.301228822205
-5235.625670692699,-3040.8394684441982
-8119.184387426189,-2947.433020164279
5620.353588813096,-3047.3779044309786
726.512061495856,-4877.304934334335
973.0680298388852,2129.2068702107044
-3290.398869525011,4674.740830213899
2398.2987749363056,-7279.307981392191
5474.540580277528,-1757.4318271731372
-1028.6274479783078,-2840.455886793061
2918.380814429258,5709.265714216896
9201.499953094008,4907.451423498111
-1177.3401853875257,-1035.803316506508
-4186.923826125652,-6942.927713994749
-1378.7833057705138,-8317.34112685512
-73.57108197922025,-7129.415287761425
7005.769147512132,-9239.495565494051
6397.660082972518,-4767.0476097959445
-1355.1037645361705,4585.224940687802
9198.577957677146,-9202.123634016938
-3439.0655565656234,1509.5954639242336
-1939.3591775256127,-5351.088989856175
-9419.633072062035,2547.1810152990693
9460.988465402352,-6772.455076223729
-5565.386490524517,3163.70487469191
-7098.800266748785,3121.046302998653
6568.315886511129,-287.122956618894
-5620.765725061303,-743.9734828863602
-6059.160252245064,-938.203836257224
-6988.305896080163,20.781330569043348
-7087.106721204393,5933.566179413105
830.4733670846144,5184.415342306493
-5041.252338880753,-8207.20337594114
-8724.542143044391,-812.9772358082646
3626.4107989457534,-4213.496136066095
-7669.239073045346,-1366.9289525144195
5451.90521153408,-2631.2078891890933
-9163.32075606337,-7875.538679688721
-4353.202923484343,-4080.497542815855
-7177.0386537088025,6457.563339957207
-1291.913579599559,3715.4262026482847
-8743.98920238505,8861.645759059567
383.86984106632735,-2948.2312699598288
-3327.3490061238454,3813.76192993806
245.9561330773813,-1743.5749063228996
5693.977038553845,7444.438555604243
-8569.774229703098,-5664.736876540117
-223.75766393742924,-123.80979714381829
2381.596753369708,-544.3012039059922
-7476.8271175989075,4508.323739714939
6760.753654439926,4523.387887943458
-7234.872304189557,-9575.77258884751
4417.646301978437,-8797.512661642382
3962.193659106144,6727.182609770669
4698.127772752201,6094.983395895273
8469.22582812806,9226.9671440286
7548.273521515024,1227.115239663406
-6651.16104017931,-9157.668659364252
-8175.544931590535,-1993.8118908701472
-3270.0888301959294,5959.728860948206
591.1923532049404,451.1882504104251
-4580.721713488922,-8838.3092388314
-4015.016000274006,-5624.656314475574
-5660.220170458636,3737.794263062702
-3355.7671319086867,-5338.597843302364
7517.409177894413,3871.8941288736514
-423.3924740551884,2635.928101623451
8649.571989134645,473.8879026473878
-6064.334534461323,7606.021157068419
1353.8735670382885,3511.947607194814
816.1986308880314,954.4968422485928
-8269.066186924547,-6119.14373433368
-9732.059317859685,1824.4436149046487
-1103.470163619857,8939.555111042093
-1658.4918664901545,-2329.4223981195964
-4509.254020274411,-4465.589739818023
-9134.653930642897,-4547.466307864165
1655.3969952817097,6106.855006513539
-1009.204610412864,545.7897794704422
3431.7522552180963,-6427.234952866274
-7445.488399153402,1456.8062087691997
-9485.023986446076,-4784.137397095478
-3300.7484462356288,-232.24561310697027
5554.552853258261,-398.31768315073896
4454.299880173545,7284.531168762351
9705.415154721117,9374.338639507354
7667.468155176324,-1276.6495926752125
9715.94237001085,-3602.048721326126
4815.403677672744,4138.301530253833
7961.531567910832,4716.774096601979
749.4538921186522,2119.178840020113
4777.558589578617,-2565.6801527717453
2566.643025004194,1154.98356640969
6843.570210856604,-3412.5895784461054
-5280.182430636526,-7080.640631800426
6137.980331803465,-102.88169624800868
-4590.263148044888,-2649.42485810181
9083.995794917682,4409.925035321241
9766.668416956814,-4301.478119861097
2214.7787975785723,-262.3611752631259
356.9365426785571,-8350.775908519701
-8965.442301885305,7032.909582713059
2791.63755550279,-3143.61805992035
-5858.919749882194,-7583.700700195588
5008.321248458646,7983.7690695263955
5198.956826507489,-4566.342090454827
7478.185335036142,71.2333455148273
-7480.229431692089,-1683.4685054781803
8584.836249673124,-8284.95871109514
-3259.065551811611,7046.524747160423
-5565.703901496247,4403.41414593823
9132.587851566004,2177.7679160429634
5303.964595695623,-2981.791538555951
-6317.252646227594,6113.484365178712
-2122.222959920461,-6441.767639072223
-717.6839791101756,4947.549010638088
2277.5242137942514,-5935.544048106822
3775.538843539844,-6356.287872827828
-9564.721339064572,4572.936961666776
-4525.112150930031,5154.525904135044
7295.533168069451,-5162.149793711588
-1991.264542453373,2243.4405725059496
8307.807368039626,6016.401338280779
8659.469587633957,9916.38997516252
-8318.43330109509,-6757.944333832204
870.2463465563287,-6657.127628180302
-8478.935761286675,-4332.956678851614
-7058.091660145762,8797.274209710537
8584.690059090182,4892.945534765884
4775.153016275366,-8321.414241880862
4545.259328999538,7247.767195677494
-2270.8093745648257,9095.858069593076
3639.759435271064,-463.1313272581756
6376.080242833354,-7892.3220023857475
2353.45756008392,-4482.144825976093
-6672.557615216454,6624.083576949077
-7544.807525209106,3813.839210953851
-5307.786898827833,-2934.063214475271
5988.52984433358,-2755.283215213729
9107.233755782414,-3048.346145640957
-5967.8327836769695,-6783.072336181446
8192.530619489404,-3212.812164241512
-9466.021265319632,-5361.192553273726
-3319.781133671365,1367.5536936050776
-1734.6039979678044,-5506.885445245062
1364.576680265507,1205.037919731256
-4831.98912520121,2654.006568690669
-3354.295116627428,-2524.0735530260336
-8219.029433834536,-3791.575524148636
5274.729590360063,-7799.758118150943
1633.2433300114808,-3544.465738368061
8391.02048259214,4759.172380215048
-707.9446364096111,-5279.822098899763
-1265.460170321092,-1506.8570825247043
1357.1293969349354,-2123.926275361832
-3815.7159582541553,-725.2039945727556
3362.4532169687063,4750.356183928467
8975.598957190832,3532.363405584809
-5692.1525299307405,-6339.988912523953
6683.896575134073,3058.183358688472
-4360.900848037013,8903.269022071177
5783.213163049948,1842.8183285462983
3869.894571597648,-5732.439929881537
8839.283526618681,277.82857885489466
-2665.3109867062703,3359.080849305636
-569.9590639630787,-5089.024048082251
-3443.706604234122,5643.26322750054
6109.821978543348,-6779.826792939761
-1397.941677510964,-5868.722563095241
5528.7864546803285,6712.420168459263
-2259.072505243542,8994.750409391563
3136.944960388744,-4016.828170732685
-5428.9436693552725,-8776.898860762209
-5303.378326548101,-9745.762963233368
-4875.449442901889,9841.297509913686
-5430.654788735898,-9125.56528817486
2822.1562899887504,-5575.11806260415
908.270806079061,395.3596272728082
-6372.519097950851,4287.770411197509
6425.071717438583,-3909.8357598584735
4534.72241532662,5402.467521910754
-1760.7481145567235,1083.9652579630038
4957.097789273468,-9188.286994792785
-1719.4793098909922,-9987.24014831963
7423.342173992012,9322.63762756445
-4591.50220815608,-7401.928202967325
3817.047889588021,7919.266944817286
217.146327150178,-8362.800271663835
-4702.353039124094,9444.230945060986
5889.400641164861,-6465.928915973476
-4042.8849741938257,-493.4987940792598
-1363.255808183445,3169.3286840584915
-9215.028893823424,9171.946530106838
-8840.931116142083,3422.114629383301
7571.301608532936,5824.725403564971
7643.504584802267,-5524.353788503103
-4173.836687665817,4507.411066675333
3299.319839757587,-1074.8904400165102
3779.726604424081,65.83544180383615
-8237.284711505528,5636.735169652849
9997.3059694426,5671.845200763892
1585.7294213817004,-1711.1208887104513
-1168.994606162567,-3276.435650891656
-4030.869300706048,2697.3329766928946
-9538.76762066368,-4864.9748361842285
-5738.366194531694,-4707.117189803284
7289.939611913931,1908.669788504436
7333.116738377375,2267.3821121297296
7789.7537981204,7260.642038817328
-7545.3557707118525,8756.298640577508
-1508.788990915862,7011.971694416494
1888.307162956793,-8059.877482788392
-2758.0188993313404,1171.6410248561133
-4436.329608503651,-4596.289670609865
2215.332836717949,8367.601820408589
4816.277825401294,-9544.59562422049
-5130.057125327731,-9977.865658443652
3959.6803379685807,1409.5968014143928
5084.219813747879,4502.058181822631
9606.028631154244,-1314.2011048003806
-7882.801445452831,6787.263503265454
4064.2587121085,5981.072519590469
3260.542035415001,-5949.278890056146
-1106.9491277593206,-813.3469277993718
908.4934698817342,8033.07393040344
-6233.152396500219,7012.210710767329
6260.1171236439695,1484.7188233964316
-6444.914298961344,8732.082097303613
7235.32109909923,-2314.145292179277
-2783.9512489362787,3885.055012178849
2178.389419312867,-5878.035282824377
-129.432701681033,-769.8776037287698
-7928.256008419376,-5979.828091536794
1234.723986016248,2819.521901846594
1309.5863181439145,-2365.9362832987927
-6043.839632101386,-7313.040556557093
-7064.191467012948,8109.181480199371
-734.9209501230416,-7630.57675420275
-9804.297460194774,1463.5432614263482
2564.6835982481825,2064.883757413105
956.5581509963868,4887.825909026256
318.3807689500027,3830.547854191776
-1293.364666151676,1774.6061242151372
2147.0910785429933,-7834.555027889299
-1690.375770882181,4576.486161209314
5490.314575387945,-2233.7355614127173
-5247.006494359607,7487.402215906935
-3387.282238031339,3701.259065379272
-926.1634320898264,-4787.812520060664
9312.194875598308,5890.09082696911
8751.843293654216,7243.733848494176
9963.07627872506,-5189.120394832138
-5826.366528427716,-7261.474385048374
4828.233849386837,-665.5973660306863
411.57541579575263,8179.337561838736
-7875.174864579347,-7683.8193037856945
8850.790176216975,-6136.486201521776
-5357.83246695619,-4464.456383204815
8666.79593948443,6676.367393992623
-7592.951623454543,-8881.121915821524
-878.040196745802,414.33495856619993
-2657.8156682858253,-2427.2117945844093
-3282.188771445267,-1699.0138907314686
-1795.2174267686496,-5190.48528714138
-458.6199065509536,-1920.1280857502895
3752.395777521937,-438.8425750984534
9389.507906079194,3079.9493320917263
3091.609384916193,6229.122864074177
-972.682764777117,414.6289801211078
-3396.523465901025,9457.089104200706
7120.002845902975,8257.054001663615
4201.285245949186,8732.47054538791
-2263.001160796969,4436.480267643939
3250.860400531053,-386.2663738489828
5204.380977082001,2719.134287877827
-9227.103187943943,-3019.40854011644
-5304.882752804747,-6945.992847330791
4416.136408111583,-8409.552466654368
2195.573344119477,9388.486129394863
-1576.5272495743775,-9128.426972589892
-738.1625169818217,-2884.869762634994
7737.30045724909,-7336.120571904197
3548.8686046886837,-9831.927732020096
-3357.8879296650884,-4695.108162944439
5501.34579579369,-394.4161022523331
-328.5617758654698,9542.379331739758
2858.3600107966904,-7408.178868644053
-2917.78299394216,-6534.754911900109
-7380.3823681271315,-310.48951006991047
-7687.429038607558,-5586.161383344584
-8967.527343348658,-6878.963667365832
6967.285952015238,-8969.912372938046
4643.263461395007,8690.930100366113
795.6788733069734,9160.731757991762
-2372.2340941678976,2922.6787241735547
7352.920111967975,-411.2282058176406
1114.3988866633065,2735.4150227482896
1104.928088463288,-6602.613601332523
-8905.941497538392,-9408.357071613384
4824.130713823946,8300.341339239461
-5567.135984472719,-4083.6631540591497
-9495.794648411724,-4230.582017756752
9896.769245510824,2506.8782545629856
5323.282917088387,-9030.860047827668
2556.403749273273,-1206.901403982698
9403.432854409752,-9219.663357573569
752.6254739407996,-8897.760440529717
117.78044356814644,-9738.461465544004
7916.878027580646,5748.609031539416
-6996.3147016803305,-1554.659325368557
-5730.888196787097,9884.565258422255
3549.507270906772,-8719.203679213611
-5340.523629871732,-9953.671694138504
2902.953490393529,5262.493759855806
8386.22711572253,-1296.1180169847194
-9986.8640688199,-6618.65701036602
-388.2530337457665,2959.637374546432
3160.6142929042944,-4625.377980210313
-4596.03751637692,8955.304132626232
374.9299135885376,2943.649983289441
-5661.621973328539,-265.2841497366644
4349.034489126932,-7723.884908336864
4672.981519998046,2617.063201985044
-3327.377486717105,-7391.702143958431
3344.2389609557613,-9288.06614348647
-891.7093166967006,8353.961573065259
3253.439925797067,1964.6705193079847
1538.468160022554,8504.963092745118
884.7049767893495,-3574.960323535328
-9912.579789960486,-1090.1007720694852
7429.727359506869,5459.606685958957
1869.9098375245796,3833.210978034816
-2520.479163837688,2008.4098486823625
-4112.731435310535,8083.84729496573
-3989.325011736746,3492.4131585977084
-526.148487692566,-7698.176238359278
-5007.445949894751,-9026.000509292662
-8224.002780002462,-9424.107727851046
3982.397537069706,9497.7110872947
-9279.741644606427,6147.652463088321
5379.18624554103,-4435.552285355319
804.5553618168542,-4216.877718887806
-4006.956969890045,-3067.4136193417744
-7120.576272015267,24.162140215425097
9875.32209727946,-6472.369109937555
-6291.788327720915,-267.49011085580787
8725.591703997517,-4099.035269440936
1126.5621938849165,6144.575800961175
-3723.4615889899824,3509.762768174176
3552.043941676978,4380.934444152612
-6048.58141557222,9288.475224892834
-5184.121656925467,-4400.568901727251
-3262.91033223008,9755.116714436244
-1253.7896160054188,-7779.364408548637
6872.102888860529,-5554.812253537522
4128.23113988845,3612.622079874804
878.7142583830755,6719.310158232711
-2071.031874502838,4844.75418561199
-3755.593277961136,-3039.787632385518
4740.424319473355,8946.392202362338
-1389.154318085721,7810.356495223696
-9740.78551961108,-6108.135119601599
7181.443911163806,7740.672742667168
4786.044399970182,3088.358985418909
9913.060044876202,8210.367421601743
-1881.3218658909852,7522.039983986648
-8986.586256846833,-1192.4618569918985
-6282.892469264714,9457.889375284336
808.7213762523643,-2208.432042492725
-9113.5975292752,4877.847850853897
7090.8323123462615,-7432.029630781778
9710.74480929799,-9338.530811878583
7463.495007302907,1975.1882597663932
1884.3836286156948,6595.259188242009
-807.1518726061186,2993.286317086897
4425.432728968235,4473.021222811889
8509.166888821735,8274.78850346743
9059.129062778047,-8880.441124433884
-5146.279046162347,9316.269959597072
8491.029020522034,2640.9700233675885
6738.604466436773,8294.150254692588
-7140.044770000424,7356.7269187182355
-7178.872015741209,5665.778325278556
1320.1488775497037,7062.01432582362
-3871.58123322004,-572.3771358723989
-910.6724763946532,23.399895687756725
8093.968865376715,-6749.455530167756
6328.739008061339,3573.511162155872
490.9230705030423,1645.2765158173152
-7696.536625552808,1402.4363199797626
-4687.006143360679,6087.771117096494
4294.042911696593,8381.376881657427
2945.639253838492,2730.802345959295
7347.616251017007,-2903.736780102792
-9450.690175441458,4609.105197235014
8816.268197965146,9233.88361703474
-9438.8696848076,-3230.112767654172
-4226.018404238174,-9456.956519485062
8353.481449129617,6713.024045508239
3503.1350260886484,-3964.3602789113456
-5393.161911515456,2756.141347236393
-3752.936451325484,8846.590947926288
5067.915803129483,3718.0342861800873
8521.38158693575,321.1996753090825
-2250.0853487652403,87.67783961716123
523.8112322606885,7460.878327022419
5993.695268685249,-7631.254096231032
9900.18518979556,-5601.697872784584
2502.617647717738,9954.038004835473
8891.328312768022,-3976.421243597443
8385.076193217825,-826.1292797138667
9991.810688537858,-6576.709247445368
-9306.819532550688,-5471.737660493494
-98.78636412958986,-4159.180859458515
-6180.338355428781,-1133.7216861105517
1707.1303208570916,-7857.2365197964
4337.738260518729,-574.6545364816357
1126.9715801662533,-408.3250844805461
-5934.047182727162,-6490.798465318087
88.47376374071246,6087.0783060357535
5330.44615282658,2796.9096316762407
4721.04531950867,78.67936493197885
-7006.851315668248,-8802.869228179983
7.178194148806142,-3757.689899172563
9347.42918238827,-9237.556668130004
3045.8037576951574,-8872.710026864308
-1055.6401613194648,-1672.1601996632726
-2115.7012782968022,-9008.737807961132
4359.266503694624,-4686.42217768418
-2302.1544222456923,2123.016838996788
-4418.218752997629,-1433.348888916431
-8881.068926412181,1002.9769555879702
-5037.172322058385,-3268.561242419063
3657.4078862247625,-3665.7583536689663
4721.079042123873,2872.2273787136546
-1979.7912676438384,896.8048762099406
7382.979778630721,8253.452616409868
3835.3147144550912,7332.298525900667
5493.984202921127,2883.306968191917
3175.704553002668,-5871.026960948569
-9585.504126604885,8834.928374046143
-8796.327251363931,763.9234183963781
5508.247108423047,3713.690229265494
-5146.770953736339,5420.70589860612
7533.811640644482,-4547.449035111106
3843.003228844744,6440.457800524804
9885.738557186993,3334.240028755752
2886.781002619968,-4659.186199145147
-7103.987409140691,6485.6415265304095
-4702.88052458013,-9343.733799749814
8519.815977289847,-2375.195604239664
3106.5140204283416,801.4784497146538
5642.093992655991,-4811.103728373109
6175.940415136962,6001.657157146707
3324.8125227467426,-2357.701706668935
8603.70903519915,8722.920628575976
7057.821422624194,-179.524976368004
6358.217822584824,3802.323715523573
-5567.859110191004,9417.914391341945
4210.213389553943,903.8543635181796
-2886.933899009352,-7332.024244404298
7818.2738595318915,7703.129464117992
3273.366964804358,-6577.400463819323
-4152.428688661074,3995.719855191232
-3793.623389005569,9282.430238983314
-1139.3874547227242,-7401.921113349028
-4053.867174056678,-9265.353619921572
-3010.3390040033773,2358.3053355319025
7306.3464021917825,-286.95293512583703
3431.928019744677,4141.312782114381
3984.109635714936,7168.483052531647
-1399.2861729651486,-6235.228772832875
-521.8984827068543,-3972.186687675663
-67.35155188637509,8799.736147014693
-6308.202955514242,7675.659830547742
5701.709296899076,9164.923044477213
-2394.4328429468187,3521.6746999773404
-995.640794286146,-1628.026400164115
1239.924651269126,-1585.3129614213303
-8936.413366575502,2604.338062444245
-256.56401951742737,-6552.951810470604
4085.706217936011,-6946.920688836082
1478.0085278993663,-2899.947631930262
611.465684402745,5111.33319413593
-9303.949062946078,6585.174042040755
6763.527121767384,-8941.526659970503
-3403.9277785381983,3076.108271289784
2406.574505104638,-3736.831048212473
-7613.587766857399,4814.63865486312
6692.436244356202,8131.841536666314
-609.7505258789715,-7556.019941495136
-3815.4764604305583,-2132.964176774175
-1557.3175785543754,5735.887899668969
9096.614565778931,8118.937045579783
-2604.5160518142056,9817.821020335115
7628.668083735483,-7457.213016584048
1550.382279747544,-2095.442761249329
1813.6776078331116,7787.789046947215
-1573.2428189135735,7974.225873873816
7988.960339699926,-863.1707856953399
3447.6000691042464,-9351.191857434836
8666.06296101697,4137.422592777251
-8125.115635876925,-6552.599936574965
-7351.587463841241,-8604.641885108642
3565.4454501717937,-3326.2607179674287
359.2469851659116,8094.931001071647
5501.494406030495,9182.251199090717
-9595.549058091729,8026.534543146045
-9151.53917045223,902.3232253095848
8349.543313891478,7599.376533426275
433.999233124272,-1306.6896936745015
-4449.879308912729,7383.2731274021135
-7135.139587131509,-5321.183865593417
6722.07221438444,-3390.1067710547886
-9546.923229159907,-8920.310652927155
7913.6864356557235,2505.4532034050208
-1253.4229996796348,1268.2296207774089
-5271.730853522118,9487.598624467091
7293.849425137039,-7246.629194403365
4142.722056201021,-8462.243879210473
8164.1995275410045,-9855.388495019572
3730.112110586029,7155.625201027033
1185.687233650082,6815.82673993205
4477.207373441814,7161.726195965206
-1177.122125805492,-774.7798242275403
-5570.174103988248,-9388.244119269171
-2317.686946211325,-6643.138669697823
9950.847319009865,-986.411083280478
8268.962329967551,5234.378386014427
9079.801470408283,6988.702392054918
5501.236352727548,-6305.669759271299
-8350.32321547794,-8233.680414800358
-6461.591428847318,9573.999255195627
7047.312899535995,-7888.048908876326
9092.904030927446,-890.1195908970258
3853.022183209096,-4660.573156903199
-4554.7909118005055,4132.603962157271
-9212.590804760268,7868.747484650412
-4619.592000771208,3809.762169265785
-4688.889741779074,-7105.556418530008
-6763.261937789888,310.7499432377299
-8441.935779555108,7453.473922961119
-8422.83410385493,5265.529119227904
-7942.36514022812,2511.3020251018224
-3310.003243805175,-3142.99426569078
8932.628687908327,1787.8110044818386
-540.1929809131125,-3994.0823354480463
-7171.727951780782,-6793.5181154713
4517.523858467224,1354.055676763919
6087.3511420709165,4771.916951260442
-623.1871541926903,-8484.695268140229
-4848.1409943064,6415.5366842241565
-8378.85552804033,2553.176659278817
8957.502032962435,-6254.346046112362
-34.51125977922129,-3582.826446789142
5596.583896023862,-6056.395747175991
-8413.238189154035,-3749.455282648711
-7759.435215159087,-4643.067749675003
-1012.5380863265837,3069.793209221745
861.7212499799007,-4918.312670868996
-6617.012859887661,5262.007231923048
-7115.42670848016,4875.79975266055
7959.273546812117,8973.665375129087
-7824.538008877442,-9108.208956735503
7675.099097455892,-441.1080663334651
9046.258079217496,-5762.059758301457
-3778.011430233992,-8586.80290796911
-6928.258861248153,3075.936411202687
8716.481539901546,-508.7987581384914
-3936.903974306816,6930.928742274664
2215.1534097059102,4128.436065905435
2994.2451846409317,-6712.82080054842
6412.083568257862,6549.200847594937
-5973.119709975472,2953.951373844584
663.263115375421,8923.96537892301
-5225.721661336109,4966.930916702464
-8493.172980779162,-674.6644333934419
364.8272237259498,-2351.786349710708
-4026.937972293332,5461.353673032816
-1187.775205322636,5081.221883872751
-4275.103293502467,6763.883380553401
-8475.946297837705,-4274.837455967871
7738.52510420297,-5926.612362535233
-7822.48894818989,-9693.8670048058
7296.438657246224,-3960.413545881285
-1332.0345146544369,-7815.677205016478
4213.171071313433,-7512.18389290838
7478.273437404809,2944.353296314139
-5343.537828292595,383.1684822269544
-6885.673773879015,6765.244116346155
6165.040566334903,-5620.539798704074
4093.8819459623846,-1148.3211819206665
-9177.41052775096,-3575.9119183058365
-5880.118081264382,820.0899370408115
-1412.845943308399,9020.43585230828
9676.582792741774,-3915.202764082662
2423.3679950993355,5703.777613400531
9107.9195567874,-2202.243314428678
7379.166022096102,6434.985066309764
8155.173514903046,-9150.158621988645
8918.009488572254,5561.528693974997
-4906.156713697993,6147.26719989186
5485.073420125906,2684.496207824339
-8740.401906138111,2137.6683699523364
4740.69522617528,-3648.3203598563496
4540.839152376182,4530.421294481446
-7329.3225707291,9362.268395678824
6665.493030528894,-5328.774431833707
-707.7719824343021,7496.46241787311
-9639.837278937324,-1813.0792363506123
4074.944465447781,-3551.9476800409197
-7782.07417929431,5012.264269039955
-1893.242931397241,-9883.30285156856
-8150.168759716949,-7528.273374839811
7323.495678582487,585.9037004005913
4040.940808348778,5950.742644827842
-7678.258486092386,-134.54452166948613
8679.067839199339,-8160.033451390576
-6625.411015584701,4180.228342517776
-2732.9557919819945,-4303.731010247869
361.4424397554776,-2168.802307157509
3998.313310894688,-921.5136482769268
-4660.597099152872,8458.417781155684
6504.790249083013,9887.259786922965
-4436.812704542162,6600.807368656118
8078.800226867421,-78.71466125445113
3209.7233161264685,5296.002216943067
-9076.099540049778,-7819.419667879805
-8463.311253787575,-328.5615308089946
633.0370030891681,-2748.2299982988725
-5482.039319840482,47.340026635367394
-8015.7309709488445,-8768.83226137982
9087.628037207916,-5215.229342722922
-5528.477436759793,-1804.3348584787875
891.9880309715645,3884.971787957
8779.81521878914,8588.647881208915
3726.684838827063,9230.861482661789
6488.421216977837,1861.167068876168
7026.99782414618,-4445.986197807872
7571.746955026298,-5510.15180875764
-5146.182891597049,-9817.833218791477
1463.2753557172036,3254.812010131278
-8528.83030565726,8667.420341044086
-505.5110350192208,8427.475769947741
-5379.757870336577,-3296.098346333501
-3475.49831813448,-9892.51925280292
2626.788311177803,1259.9292106037335
-5555.6141345184205,-8491.895964480034
1989.3432305155368,-8737.665631698499
222.39691245149697,-2071.568427526032
-8865.653513134437,4943.372934566469
8248.557410220488,6113.112312200781
-5903.891473979481,-4778.662658135
-9751.632935441736,-9043.639844055631
7920.672544380643,1480.123678452057
4152.498308353102,369.7948963054532
-864.8621378020343,4874.558795255833
-4594.74480162305,-8110.5796298756095
2042.6672811160531,-2539.07048756959
-475.1503137773416,-7196.857823498873
-8588.720910126029,-1583.7591687003896
5262.878772369983,6008.489845255304
7513.947446262657,4030.497465340608
3775.742462064085,-5217.228403739196
-2714.600196984081,5016.576316835211
9543.053787983948,-2084.275682467516
2263.6537349162936,2441.112432410473
4150.774278069059,-4085.9704570071663
-6404.92924508004,-5627.372725122915
-3921.008173021745,-3080.529810983896
152.68067696985236,9828.490374418612
-676.2399005714251,-8748.376035311288
8239.787328050428,9802.106980669429
-7460.702561452703,-9858.830329469589
-4454.854653594133,2972.766521596348
6815.505503942397,-779.6478723808377
-5349.303204111091,5334.113299723947
8661.634252332613,2599.936232822458
6097.968020742599,-3890.475873581021
1024.493629036273,-2953.755809666636
-1225.3045346219078,904.668887238142
7936.868528880703,53.70392743408775
-6741.24561154265,4892.959607008363
1869.2103463603707,-8114.317025477225
8637.176370299032,-6272.973858850515
8050.734837476346,5345.454716049109
-8539.333214214497,-1748.6549664130744
-8166.364757338809,9541.211626380762
2202.636824313555,-2968.301639547936
4744.698136577363,-2905.802419593224
675.7691617224646,7461.823272382753
-3441.9455142925235,-8841.667126042117
6316.9148340675965,-9789.21915153174
-1022.261334442208,-5394.776949111
452.883906600051,3425.269166668797
-9208.544640171109,5181.471044194339
6550.924127156195,7938.77259731073
-2053.8387110708127,1214.7179333442857
-8345.998295530675,8379.92859446694
-1648.681376960123,5694.156199625755
-8978.30432792597,5531.993018967667
8778.537490796894,1117.2176751799343
6724.061075851081,-4371.210824595298
-2192.353883047029,-6640.468040679939
620.2275636998747,8574.714303586934
3413.0220509074334,4587.465710803883
4196.164955540062,3917.514909453421
4812.665196691305,-4306.225786748126
-7047.615773353253,-2462.684344829556
4093.3134893629863,-6699.941841647213
8782.225547396567,229.4321457417991
8327.040035193157,-7600.107602806516
8781.589288659365,5272.888693865616
-1779.093692583252,8623.449696289335
-1964.5975529752116,-1357.604852107257
3791.1362061597447,2692.4516401064066
-746.0190325406456,4140.7671055887495
-2510.7490806686974,-1076.9574692814167
4386.279234843094,-7514.195956790845
-9794.705281031294,-6398.074809099378
1901.964420414368,-9188.97583098643
-4504.585742810134,1510.8171956334954
-7749.513629941281,2543.766270258025
-2766.0126614879355,-8174.290683986649
-8668.719947349211,-1415.6631143174
7844.776827819449,-6316.243806411912
-4069.0727390489137,821.1345387596957
3860.533194138956,-8183.81284984169
-176.09120489169072,-4978.324184906162
4505.422050132751,-6088.190251375469
2819.995982625749,6040.215139708451
-421.7283809815035,-4606.453079031438
-3107.77082219128,-4735.941338473542
-5699.142421529624,-3413.115054147748
6372.678687854463,-2176.666420950075
6163.375896438703,1159.8185722575436
-5918.803925509177,-7581.071688301317
6852.637453807172,-1266.9805575811715
5454.849642694713,9483.61181193512
8878.264220872934,9494.878003226047
-5253.29693472606,1497.3270985302006
-8357.914305876973,-3964.153798953609
2640.9462162234995,7224.650166587497
-2146.972350227403,4183.519698192131
4759.71272556085,-2002.034272583366
5827.961172379464,-4547.164616185381
-7751.383145254786,-6964.344388051409
4836.688118308792,9467.634760644549
8290.23564461885,-6593.31702903933
-8481.532620241807,8813.362587926182
609.9959796077401,-3778.606532265973
7280.114599305609,377.316660833445
-7392.976980626134,-334.09281118236504
-2523.871211775768,-9585.21375057163
5424.870034470367,899.7795950684358
-2933.9356064431613,8060.551538048669
4134.541059932431,-9436.220162701107
-7897.046574589491,6046.6048491826805
-4217.883644272165,-7581.915553263579
2334.531413297971,-8023.524528638221
3876.709432034541,-5.13831843848493
-5709.582833002693,7789.65347506732
-9051.951432044578,4796.268231453669
-3265.3903141407127,-7631.48385777358
-1023.9090812870472,-3631.233696714103
-4454.2325754086805,-314.9853920647565
803.3013391778513,3530.461749595137
-8611.633876570602,1097.742336165824
-2096.7479484876512,6657.806679711812
7111.679354089967,-1135.0570939748432
-1833.3663143603608,-2950.995234010472
-5276.513995872174,-4872.2289924575725
3739.5688780167657,-9574.100037213952
-9460.065205383566,-9639.88609185722
2390.1185149716966,-9810.781578529031
8054.474414374654,-8292.630225373592
5106.599100832878,-6992.417118607379
-7192.802553683932,544.686090241712
6091.445221833017,-1947.472623974003
-6793.338252370649,-744.203530090379
-4714.933743169645,-2521.3852472602057
-828.4618788164607,-823.0131432631042
7038.230496948905,-9594.019771990286
6109.016825020284,7018.411640073573
4763.375944664533,4402.210160077766
2404.459102980698,-4636.411485370897
-8461.742710723622,-9391.273112777097
7420.130724057144,-7726.043370432328
-8990.156197214754,-7493.315412793775
3046.9207946028746,227.5665233291165
2935.0415857935204,-7321.366853194966
6290.443989461943,7892.809420237903
-5791.303340435598,-9712.52765336595
5313.026908441272,-5059.048971833746
3707.467847267648,-560.6912355608365
1148.259432862058,1493.9341677140092
8345.29112584182,1521.5422195369974
-3445.722699513778,4075.3947904010743
1329.0764291126525,-5275.358359801789
-4836.45486793345,4135.314712975509
-6149.062232043032,-965.5319937669263
3767.5215492619736,4108.903272628728
8204.31479753735,-3611.184011804582
5633.372166780951,9171.41966438008
9676.872513534869,6180.804048404811
-1350.293370496447,3512.7026340185475
-8914.98871353925,-5299.697558003014
-7544.522580082135,6222.629261375674
2952.637577557458,-9787.278012130197
1320.480330963841,610.5139371436326
8218.2771742328,4974.112839997275
-7852.694072247761,-6523.33780272572
-3151.341260874172,1674.1271101757502
5684.324347076597,-9907.814072912146
-7448.302584819079,-3131.283897355761
-7678.014880967598,9999.444398224005
-8178.568640708723,5134.263223711459
-7236.064953227843,8870.268741944663
9071.084094437898,-7715.312929997782
-8893.103617820416,5205.915963259284
6634.172883193103,4254.427403020218
-7823.280724922148,-6914.452023052567
-445.40706787546696,2143.4501178140035
-4502.316999438567,8445.831361579862
7368.391305551191,3200.745322196029
-816.2199157484338,1931.597527386215
-2135.0666776204853,-1561.1011312177252
-946.6875158729144,-2992.643461641824
-1116.9966350806044,8650.929232606606
-5461.516867087264,-9493.725175011676
-5803.451998599389,1830.840737689181
-1984.3164366280907,-1410.5763996738042
-301.3864895487968,9526.202547303945
4011.7662447522334,-639.1207487554748
-3149.076999406988,-3254.714866886164
-5263.42318991196,356.46269274644874
-2626.1241514255107,-8213.762264076977
8214.562043879978,-1450.4499810769155
-9181.521048768906,-8384.401181956453
-8559.929718722384,1708.6944437677885
-4632.985717202667,-9702.353409569228
8980.977817796804,1588.1946497565114
-1707.7528332312395,-2805.3984992532623
2674.992461374779,-4723.956235760547
6186.962975717877,5374.42441657662
4917.068668518723,-9296.00826710172
9198.595450477984,3133.048725843486
-4092.336981812709,1450.893509323203
2624.5715758489987,3494.3318154766093
9603.12063107512,3052.269885885833
-2248.967174422043,3171.4552832218487
822.0807980267455,627.5770876243296
-6118.047144585624,7799.040441441746
7384.379058924616,-2871.115939921576
-3284.29153845329,2235.4441717524587
3014.8625153225767,-8154.640044518497
9314.339041287783,-576.2964960398822
-4775.649825771559,7984.4525074479025
145.3908603371019,6827.248392170823
-3201.358870879376,966.3542722707951
5192.016726775173,-696.1515213006533
433.836181818966,5278.284790649115
-4989.874507488868,8143.035322913369
4466.049910396816,8332.417675574623
-1199.5400458572476,-7421.198352205631
-1119.8020527739918,-4929.1667733586
1287.9953664195837,-4978.334010541823
9915.626075131137,8337.547136831025
513.5363989261132,8626.606601914435
-5068.66708466597,7007.903173317594
9907.914633008691,-440.9289434521015
-3719.755798178777,-6406.469905193126
-4959.087108601574,-3102.5781560580426
2496.147863556127,-4093.793558316006
9250.85324390112,-9970.87671366144
9584.51063116299,330.2939013249543
6976.233152410059,1810.7773509513063
6977.206307990469,6685.6106688482
-2168.891269979101,-9355.177982131689
-5593.49302078284,-3661.375643659324
4783.572935209764,9167.058527397909
6.959576031322285,-346.03050317151974
-9621.04922889172,6879.739519526447
1303.370096400542,-9948.658079131972
-3507.506294290095,9379.696114014943
-4557.14948071952,5979.595475276637
-979.50827396563,-9251.114171277348
7539.245586459652,1310.5982733322471
4625.0781564921,2312.265886569976
-3513.5208162146328,5105.277862468305
-8902.933982765591,9800.635238042843
-4044.820203842756,-6970.326880776918
-3254.8877529935653,-9867.210989217489
3556.963910250606,8560.625797572571
-3003.649316040549,-1811.5748021746977
8144.600185648011,9146.620703682796
-851.2932007973668,3534.8897486103324
8726.869801944678,-2016.083563028128
-3935.924614527981,8823.574861159945
-9708.884524311983,-2932.07466293202
5065.812880503498,1318.3220501534524
-7543.283701040957,911.24514907274
2707.392753745328,143.0855531262896
9309.28470386446,-3257.4139799998547
1381.286054882663,8570.574805011478
7851.375607042846,1111.7268794914962
-5758.673198420208,1752.5840531238373
497.5565552649259,-5055.360106585907
9052.158122030054,1859.6744836159612
-4063.3231026309513,-9454.89503582321
-476.39728669152646,-3132.599259247022
5872.668061541206,7595.82623713967
1641.3094336900776,4090.444930145055
66.01236495522426,574.8647487578128
9142.579982972704,1733.804031082167
1643.9816774073806,4827.085391583294
8531.337706538343,6287.26600720273
8656.298860597908,929.7025486852854
7453.139633842766,-4296.610699485317
9338.777415116036,-3577.135777272324
-4385.993447980816,-5024.929073715476
1693.376308916413,-2684.154312260789
1962.921127727064,2578.0878306153827
-2367.3710263408857,9050.02139759372
-2559.6719110760314,-5749.613927217043
-6788.233035632089,-8636.466975437203
9932.115835604913,-1881.220368505736
-3530.9335151056102,6138.0966840389465
-9808.369079909362,4026.930740970054
635.8908082870767,-1767.7548064784096
-3715.4676695019416,9060.878409310932
7441.266164577766,7357.436824875866
1240.7812878027016,-200.82668544945773
3285.8789507825586,-6220.474051997289
9544.133637639192,-7285.130214804501
9960.27219672686,5826.721544581484
4719.621658422664,507.525009353707
7450.665391129572,5495.032601944809
4323.901074757683,-7108.490035194063
8054.65186143159,6962.468055673282
2553.659323257109,6382.236059662386
8952.829284003456,-1059.829743405955
8787.671429458129,1220.312298027211
8869.087056140372,2078.513005730212
3936.6846084054105,-3608.7790474616586
4474.280337426073,8445.16794069725
2050.94389739745,-5479.718228043064
-221.1961417532275,-9076.227869055676
9830.46042694874,-4916.002328672098
-1990.318334272536,-8125.243000815043
2826.372389953207,1708.2814880871792
3596.9124958100056,6096.7307906597525
-9055.275835557595,-4019.536296382882
2862.4439849590635,-3455.4552830024086
-204.8663609237483,-7001.795920185194
198.1094897462208,-3263.0470604076154
3897.460438706612,6231.343904737956
7716.433397056709,736.9477733580516
2146.1756430697096,7303.141190239814
5144.311980584045,-806.7281961841109
-2696.468051761318,-2362.5336686818628
2540.4088109379627,-2748.109814387767
7912.940850224353,-327.02671049094533
3122.4754104710846,6967.114899391494
456.44162057377616,-7786.785092439035
-5562.6891518929415,122.12897763737236
3197.295913424243,-1445.3974315837258
848.8758422952633,-9488.628163130252
8545.601641065732,-4173.239058591645
3420.218065882851,4790.994951164637
-2734.0264573270388,-5712.503616612598
-6637.333415552756,-9458.95242464742
-4075.1625074636568,5498.16735375457
-8849.17737499535,-5579.478547060564
4066.156872740183,198.278779643495
5497.845833933197,3065.8935389574453
249.03890309322375,4020.045828257735
4806.187111970199,223.1568643026203
-8495.126837116022,-9915.210982878743
6215.365392359852,7054.309439160377
1972.5688001030007,-4690.155726078225
7482.720846271739,-2347.0473188509613
-8137.399973441526,2400.3581643310936
3237.4271037861763,-9458.997512397176
-8742.174602307008,5180.957036654221
-7008.969804893399,-3580.5122543686484
-6574.677004220626,-9938.528538248356
-6961.690136292757,-9156.93654448551
-2296.6109003426345,446.6120915817137
-7748.58026169329,3698.424280266485
3470.626301231805,9719.658171689623
6952.588611122075,4314.307114244924
-9010.284497369972,-8851.052309776023
7013.854009201736,-9061.411213520789
7608.7672699224095,2809.444113935924
-1175.7127088660818,-865.8958279266008
2868.365878370312,6876.360398642788
-3432.3719279932848,9832.285146673656
586.0243846168432,5445.308012489815
-3096.4186816132333,-177.0341470999083
-7247.470918403294,5818.546495358634
-5247.597317000738,-8823.242463528204
9337.46819752564,4613.739624788897
-5623.17366594314,-6934.891023924944
-8742.852699209769,-1126.2847603251666
8355.855137446397,8600.43722876408
-3746.7872264193393,4716.128235220669
-1878.0508497452856,4114.276300533838
4247.890054372985,2010.668783253252
-9868.07971192749,9805.996489216655
8017.072977163156,4205.619244273121
-7876.536520760893,5859.01002534924
-4720.27826110693,8382.309628752897
7092.574268473731,-8587.19532502528
1554.9577702648512,5676.167941165231
4981.8957977380105,-1080.8068588242568
-1476.127728260777,-2935.695608188902
-3383.4164138293745,5947.258874032652
-3007.9265058700776,-6135.882554604302
2038.6543966630647,-2622.685409590113
2027.7255135396044,-5211.293126043537
822.3285792121333,-1286.0859395390453
5150.944146545973,2461.5312262091597
1069.616665122741,-801.05913681944
5134.458404595571,-2248.843122084647
-806.2715534425915,6176.048704155481
-8858.078047419542,-6272.926533297674
-8500.316378137137,6638.143037806349
-7301.290233336722,-8385.00798124549
9225.145436684918,7270.232293833666
4882.673843225972,7908.474138204896
5030.689310878004,1702.0008664165362
-7611.258807570453,275.919592727505
-460.56153886833454,5880.1740833361055
164.64843770398875,1348.7752415480772
-6436.820666688718,-9579.477966263672
9493.840379312762,8612.52256123771
-5666.225647832544,-5445.939015473127
3079.3227989404786,4133.292702873176
8962.876025805741,3431.313367724113
4110.987764678079,7233.936118079997
9506.229842478955,6302.629631608023
-155.4594582899972,1939.8258861882496
-6815.820782667212,-4544.013783264955
5510.576257883875,709.9002555957122
2564.5632961199462,-1551.6656426304307
-6796.608802565851,-4194.346176402805
3103.501636631296,4501.404470298961
-3630.834603207233,5021.558276462594
-8170.481266923371,-9451.712689608234
7339.456212920952,-3852.2949824024618
9586.120617213666,-5782.636356939108
-2381.079776858608,-5263.035068768129
4633.876036256801,-8584.096971184425
6428.209266228445,-4412.590867946802
1441.7925218884538,-3275.9011361297157
8842.309299587676,-1375.0946736238202
-3928.2370611175456,7310.495924106512
-9462.259216744023,-6092.344342410103
3956.7727057346056,-4215.994276990411
-8772.34171560425,3709.5483664243
7144.766960997869,-7578.886684934865
-839.8324583988015,-6047.690393717228
-1022.7481489033034,-5906.535776010062
-4245.041401415497,-8098.424254000552
-4747.545619664881,674.9739489704771
-3163.073414280484,-4708.967156974346
-5525.96767059391,4795.10181331171
-9775.082592056524,2144.4319020999865
-4648.135347713543,-1809.931476100719
6818.355012951626,8794.176129834676
134.8761008636102,8111.17215346107
-5345.4165484943,2489.2969248642075
7955.004894801437,-693.4014976142789
-7596.294799866899,2320.183082778467
-4246.91665774003,-7446.190811223037
-9576.903396455467,9094.958450947091
662.6542510249747,9992.909900526014
8316.23628110484,6058.289432709198
-2666.628257027486,-263.9928913142867
-8087.381706964389,1349.4520415366514
-1050.7061306835076,112.17787961372596
-3318.09434110576,-6732.437657932744
6557.918471995268,-7379.878411922496
276.78982277703653,-9924.84060427094
7658.931320790809,3408.798465144388
7667.263146332436,3139.2602850613275
-7099.30512526657,-3071.931654021556
1414.8422306175344,-716.8045339720793
-5542.365624680803,-8385.354587658434
8730.73066909827,9601.865473616976
-2348.1920017440534,3880.597546720499
4020.484672263656,-6131.841417699659
3225.4083813363923,-3956.394606363554
-9807.742811369557,-705.8167069218453
9059.366646790062,8928.88282701822
-6654.629722808659,8726.317845698184
302.8150091684274,147.74255112074934
-2607.775632356559,7233.550688532327
-1437.6002390661745,-7628.75790955201
9744.04682170297,3773.565897474178
7320.989432845763,-7449.968982227244
-8880.992181440914,-3191.947450546757
5338.560478320269,3933.0298011930136
4036.611568552244,2925.0146414582105
6383.645279665405,2183.96971403872
-8503.024071264805,-8798.78719933463
-8408.35690589947,2380.7741319470188
-6130.136376584707,-2499.993162903942
2582.3698335586723,-4010.573223574669
8671.543582510716,5646.662010242049
8330.436735404099,-396.3514325217693
2370.283624659287,-3434.5207300914635
-7296.519986114004,2166.7105019991013
2330.830720021473,-8319.924292575994
-8253.396821830584,-6158.519342569768
-3085.7149053213725,3649.2572905989946
8768.908928020013,8167.743660886452
6491.265647805576,3238.130841375001
-5094.426466089479,6166.910954213416
5958.461044195761,-5687.694382636093
-1764.471863166089,5130.079585057414
-6277.411723072293,2192.619829400297
-2338.9283394833974,-3110.5534828814525
6850.871318330708,-9921.08618942545
6519.893323211156,-1924.523204500828
-1456.8133265506203,-1348.3721392947646
4044.5313705882472,2083.1472232678498
667.7921241630211,1101.9325508528236
5609.511991530591,4727.1571532832095
3991.2041159093296,2761.0334520920624
-3991.031531728655,8358.396082864063
4777.395039234858,-3714.921305647045
-8280.834187211101,-7659.637367708485
7595.339602059619,5832.994394181716
7094.524842870284,4799.922919606899
-4721.020845185438,4708.281128962339
7175.642309137442,-2999.6825477302677
-3000.963075278056,-8461.538366850082
-2296.0086685126525,-2581.5183945456056
-1788.2656703315406,1566.7788380599725
-7087.657227758375,1835.2611642692373
-2352.516080377465,-8101.328518274558
5397.820560826125,-9661.314546670448
2572.423766917889,8958.822824822895
-9754.189853039552,-6947.658936266244
303.1290946483932,2270.239698581456
5827.056422743535,7604.900641448581
3201.4381054151218,9936.04741658752
-1284.432442719606,4263.768835000843
5013.838297491322,-4867.044913848326
6275.973730803484,2696.1087671746936
-7565.710439082271,4039.898575176285
7019.792226089608,-6180.658170038072
6532.81339773698,3025.6547172967403
-2493.89279401349,6884.753464038
4259.554550107225,7551.728820994216
1455.8681235238018,-5452.786779611585
-9023.171249554558,-9543.175649455188
-6677.39954448225,707.5595877318556
2493.163333070513,-7078.832735907834
7403.100931303066,4732.242631630816
3829.339730967791,-2838.746541186414
7888.42544989194,319.7573126850657
-6437.236417405409,6310.384489491893
-8032.495831699264,1391.3572230441132
-2890.598952751089,6994.099940827513
-5930.249854079084,8789.678762430776
-9593.079059002948,-9201.452311748206
5226.0688488329015,8027.156255636091
-5246.307410745683,6067.786900787894
-2640.5626274960723,7308.601859637492
-9718.282542094636,-8889.990963215954
-6384.5969921001615,-5279.558448777319
2879.9585298223865,2475.0441862905045
2499.926185268938,-2081.78247505672
2525.6106567561674,-6423.423632928895
-4457.881099058658,8454.909293853238
-6723.207025738873,2265.8648380402774
5220.172695366324,1047.740968811533
7819.265860912474,-7516.730871452373
-4087.2546601582417,-3374.909973386415
785.4617823323988,1842.667736753156
-881.8311803468168,-1111.1283360296584
-9873.857920694483,-4298.129943959272
-7530.860012893876,9952.553725091271
0.6187338505278603,-4249.746250189468
1400.2903321273095,2925.2597939297484
-5234.018546284531,5273.765863347886
-4426.028692265878,-6041.442696674395
9202.710660572557,7826.136619367466
2265.943357792401,9934.98668381152
9035.028473709965,-5844.753742219431
4735.569223682423,-9717.177732537795
-124.33287164182366,4668.472020883599
-118.1326021400073,-3312.9930974433128
-2084.49910901745,-9397.53930559595
-4293.161552615828,9649.509077623356
1104.278179574192,4139.380058503028
-35.122096290884656,4243.59014724645
3832.676228720708,6694.720955730845
-2072.4048104619187,8396.618742794664
-4846.499626175502,132.32153926360297
2598.3530706165584,-3172.7316515555094
7276.981033479344,-6697.520321886774
8239.913811090613,4213.29393495689
4634.545937560444,-7501.911380082498
5095.779485196725,8324.547567523132
5328.253014350536,5847.087085179539
-8061.82015339159,-7572.232580431286
1578.8089242776095,7022.88009520679
3409.264452450536,4438.692840816852
-3978.262092276877,-52.4563354613656
7313.857737375351,6869.759740782876
-1273.2704860919605,-6725.178382412755
2245.426023317972,-498.7207578086527
9251.771203475346,8183.787534774445
1594.3221263775267,9087.201828880156
-7565.835598961341,4530.385218703075
1434.7236936063528,-5899.982770682494
-9453.884817240987,6986.049024844764
2833.37243565519,1745.3598583995044
6101.000335523015,-6436.182594050013
3355.4058908663337,-2268.30216099271
-6924.647506958943,-448.0255399881062
-3048.182018881913,2700.0835457789944
-7243.530959502565,4663.716215470102
-5020.51498237311,7742.957306269011
-620.7057444050042,-7119.140448728383
-2024.92545479652,-3657.869266643145
-3719.3880077646345,-1693.0756437615655
-5374.207694714375,-557.7489119959464
-7738.977125724291,709.071169854964
2741.7517134442005,1486.567480126292
3466.933826747876,-7269.618456445292
627.8363537167988,-1106.9274827394038
7258.316317357079,1840.7401668090408
7630.208267486232,3170.329880581603
-6580.318115902617,5123.677989724967
-5570.747828798079,8629.08344791771
-2719.757014322675,-24.70673551512118
-781.8390050849084,2921.636298381407
9878.2930183943,7458.154459211684
-374.6926558977757,4825.836881060914
-7566.062939702456,-2738.7992713522726
6946.187232554479,5976.194554074689
3810.419235859597,2830.600786377636
-7080.618822690248,2135.098948114261
5929.864084414594,4497.93371861603
7611.217140175759,2983.365289088113
8786.839796362972,4148.952246526847
2934.7141826726056,-6011.682644174849
-2419.352026092387,-9319.132297157395
2867.253095675691,8923.948383444895
-9605.177919384509,3030.4875280028773
5657.038631544116,-1545.1153611696027
9501.167682239253,2561.89574356511
4237.589823899993,4808.475204816612
5366.993183230017,-5180.73220041029
-417.1572623854918,8229.794948431889
2814.9465750325,9819.912653633768
5387.087158930159,2954.59655530107
8605.024245235283,-3436.50037383688
-7666.798285644365,2188.485093656389
9441.763129032304,6914.611080384395
6553.114045016515,-4708.539614466791
-2045.459690532776,8237.86627102859
9214.317685056914,-9254.525804919922
714.9010197167845,3743.4878138217737
-4514.359628634368,-6146.989812826573
-5025.508199840858,-3582.9901704993854
9738.771956355318,-1217.6040538089765
2760.497295959196,3880.501332243577
9730.889372914631,5147.390612274889
-2199.7887189015164,3636.5800306308447
9602.419052064302,-198.50957699690295
-9569.936392538517,-2434.434984720646
-3729.103021815663,4181.301939793542
-9335.566796364015,3176.963730350153
-5641.686219993902,-6384.213963678482
-6015.307672921817,-3870.20095121401
-510.4698329347011,940.7855516651816
-7075.092546699427,5599.558240758297
4540.872090364945,6978.036654449228
619.5902537479396,-6717.310725532506
-2705.6305079758317,-9182.335016176396
-2649.858809472365,-4359.948930299045
8214.306537212313,-8953.652947609498
4493.49178829236,-3863.5102735540586
3771.319898277279,775.2096267340985
1899.7022667629533,-1652.7928053684282
5003.112910398502,5692.3866945758655
9315.439137589496,783.6181640513696
1404.7604715516663,3084.863640295376
-6856.836204540584,7617.045073464291
3931.506578407661,6709.7223301718695
3457.1032608064343,3222.087894797911
1609.0597582616956,7058.656332226139
-6256.60535061817,-9748.234296776784
5109.881228067921,5366.445331996698
6003.553842967136,9327.984365071228
36.18893405417111,1365.4756766937408
5446.720682849977,-4243.147808403686
7804.100372941506,-5769.868002727101
7570.99890978738,9563.989972693877
8338.357650157937,4506.15186036593
7381.746607148729,-1565.9295766653686
-150.12798539873984,8402.678328338374
-4081.1997730178455,-2353.427233678706
-8162.339704065589,-8359.6995129309
1756.60309938898,-9657.033906966366
5957.27419463932,-7432.491692085386
-4179.070334448043,6798.497097591706
2003.5934561158228,-4512.496340167806
-3919.852749474191,-245.78187061924476
-3681.286406688087,1529.0331275630433
-6934.870609106216,7389.576054062931
5449.774071153419,-531.4047771597361
2013.332035844931,-2662.235332745673
556.95519399554,5464.779205877725
9143.41237434516,-6675.191129566218
9475.036676645024,-1599.9196564267786
-6921.356043716156,4984.243326727479
4942.82534766059,2479.900312914749
-7366.553920795036,-7303.031658152692
-4943.271329390873,8540.358343322037
-9979.906574636649,8906.479692063494
5639.286680690882,5947.084422170243
7863.83883528638,962.3903877506328
6271.144772990327,2548.351338697136
-8313.798642866288,-7741.680278998489
2015.832117230668,-8706.838567457926
-5146.937892460724,-83.92832875691784
9059.239165232071,4394.61651604382
8884.13605690631,-5214.541620601327
2435.8055756217946,9034.300104077072
9792.22133792024,-1965.123280544345
3087.4938106369373,5450.459312616309
-1985.5667967770803,-7183.632840458129
-7675.517183669754,4021.836576531159
-2096.083718477944,117.61312324710524
-5247.6517072833385,-7952.179426301269
4957.951269160514,1224.1922859829374
4535.7510348721535,1946.777204006141
-8428.819559958505,2382.734721538851
-5200.596964901176,5446.980317752541
-3185.3622959643226,-2768.367350459477
2311.5601802855945,8716.582852063188
-7414.479066413944,613.8458137046619
-6319.324604076413,6510.751929936843
-3716.474331991187,5272.152534728752
-5909.946453771812,735.1157167276015
-4347.916626557624,5155.84631842222
-512.2850031235321,6799.434339111311
-6941.632649982448,-4431.014107540883
-3979.657456874744,5132.994919524896
7211.281279312039,6449.574881645476
-3168.648600524535,-8340.322094446576
3310.266180245968,-6727.134894916762
7664.306379782178,6429.856302250442
-4532.5843754090765,6060.202143558525
8534.991032186175,-1742.274954194787
-3269.8063647520885,-4656.074088223782
7923.2859547277585,3174.609992867356
-8287.926283437368,6014.06992266743
-7073.198503145592,-1497.9834095342867
955.5716720518284,-6517.224238037731
-607.4760983912402,-943.1853660184316
-5908.861795128167,6394.327798587561
1974.305311307184,1791.1603379715289
6262.132284790123,7521.54945546266
-2899.870709531864,-1606.754921016398
4261.015765955068,-4016.5918859183903
4295.712955090501,9564.750272050524
-9677.264494710558,-1498.1346472547866
-3920.535119941548,3269.3663959140067
5229.324776479003,-1593.006887073694
-7191.377308305145,2633.43635428159
-5708.222228393358,6529.830601536054
1653.966594622534,39.862969892972615
-2770.0693937339784,6828.555028502535
-4885.181739994213,-3314.909402195407
550.5023354755067,-800.4729795920157
-8584.637899971243,-3511.6440951135555
4825.341055283812,7377.904529862528
6801.311447783337,-318.2697331411455
8691.767608862545,4036.208134513876
3278.442659723029,-2269.9159306125493
3628.910554879069,-4512.642002191576
5673.47407956236,-5751.337089601733
898.1351021022911,-82.65633408889516
-8775.427093740387,9383.284162046042
5285.996468049352,-8395.944880533967
3564.3347637914685,494.74433545013926
8953.964779641876,8591.08114386597
818.6720029819771,-5987.987790071081
6020.628025990507,-8348.054626581184
-5075.491883788083,-1328.1846865142452
9529.5575053043,-1003.2952529876148
5294.083958924539,-8682.134820682086
-8159.653596939805,-6714.05919104288
-8589.297560289644,9323.541843685887
-5756.777071559975,6524.676210815684
1472.0969298297225,579.8209986101738
-7234.175951026371,-8218.423601819113
5538.930844398479,-434.51390105049904
-4018.5933885661807,5490.155444498814
-6049.485343855897,-7436.384714649916
828.3931691816251,3286.8900476498056
7966.671955822967,-9213.113697987692
-9356.892800139096,-6473.84002875639
-5299.633679860048,5016.921235930511
-7739.977994207711,-7619.228677624362
9488.736298334166,2866.813771358882
4285.018526220698,-8470.906464420119
5404.807511863255,1595.4370922683029
-5417.210802543479,-785.034909130025
-4537.756955693575,-6842.487945233574
9585.095591002006,-3661.275475351536
-8151.04735440092,3408.2336277259747
2252.905272138909,-5305.921356841918
3189.051780192676,-2014.4096830691976
-233.5175404485617,-2371.41968766031
-1763.0536897742568,4715.478805446264
1379.328356420372,-9896.372585128542
1756.1032935021867,-6423.3442117294735
-6448.336139858761,5120.08136003879
-4354.199978352213,-7054.764580387036
5970.808912882343,-9315.019045749365
-8504.657747439696,620.6335603089337
5072.520790771036,-9954.874108593556
3986.0782256691073,-3333.070068377535
3038.941866401816,6516.722068276053
6398.212188915666,-9343.531393128498
-1918.9631550526065,3726.8072495285633
2047.6892875779613,8730.694105723196
-6661.186631752787,-1303.4708998340575
4869.51083465466,96.37665980816746
231.52159251526243,2403.9806707551925
-9209.988087901096,-4718.077117624184
-4368.155573848784,-3744.436425600724
-1395.058554666717,6856.619600158665
41.51017680748191,-2499.5802017944243
-1913.953414178913,-527.8293575199223
-6192.757215233391,6805.0974113349
1938.8818072323172,-9187.462464364107
-727.0007390076771,601.2342976732052
8846.201049135572,-8000.00237559547
568.6472641869714,-675.5827093132648
2734.443375803085,4428.432784386325
1171.9200076916604,1993.6408394393493
-7829.671938773336,2520.587049742755
1157.3418035103678,-2957.192486883644
-9702.595121506532,5236.911147249304
-5801.829290858109,7902.145980265948
-9493.55305683118,-876.1669413932796
3621.759162949529,-2806.7799188526133
-7558.652919257662,-455.6602711421092
-9048.123424271957,-5385.336018733719
-7200.442931850686,3598.6022775383626
-373.9468296411178,4380.487686964454
-9929.528282381383,-1431.1039823933445
-1678.268207740275,-4016.6252775776857
-4647.368774302822,8928.43377479404
-123.1515710948861,-9319.937295778633
-9107.95136603356,-3871.708000848125
-1352.3093272089573,-6395.133325632845
1228.1165315709532,-651.3236614086018
-5680.137339261409,-2025.853305610048
-6374.8249407979965,-8057.533590337305
-4581.840110942153,-3756.041546306848
2434.2292962309566,9095.384356023762
6902.525699033165,-1361.9870968775322
6201.556872108029,798.0403743233546
6791.448123203638,7726.437182946254
2125.3391566334103,5390.207695145149
1289.0134002053435,-4980.530862306363
-6171.558332794598,2217.871598734362
3579.789797555555,-5376.0358395397725
162.47797430944777,6946.99379360594
-5510.349488742852,-2297.716558885661
-7679.059711202894,3440.217992516448
8291.85291195942,-2503.539154581791
523.4968414837949,-1046.7834247981573
-7227.413790306409,324.65848626758634
-8048.864268317102,101.16051020490522
-6367.680657823378,-1111.5739118791334
-8670.903565244316,5206.606814351986
5544.746642074204,-9664.135436446497
-1012.5459589522724,-5185.56752862134
-9709.488241477477,-3085.983997648401
-9789.492787204386,-2364.3771892195155
-8568.868947994652,8235.851917989243
2570.3820323354284,9624.18485752972
443.81027724329215,261.54486160947454
-7157.155418626555,9239.929393366976
-8574.267169709636,8939.358728457533
8798.367498402087,4429.010540363028
-3206.4574980053594,9848.612014201866
2982.7331088954743,-8806.796212941288
3505.004315490103,-8328.125036662428
-2229.067110744343,-8181.539001438767
-4131.69453209149,2698.397580529974
-9248.716553604238,9477.49028549676
67.09224998129503,-2326.8212423426803
5664.251215513268,4689.36001113639
-2095.532365516219,1218.2075441791712
7985.071232946251,-5328.837389645438
3290.753910670417,426.9388622042152
2478.6381790116666,-5475.306128541774
4630.218704669176,9508.70272768642
-5866.735212984513,9562.676620626884
-3544.837800134331,345.90722225002355
-2334.1781041051354,-5480.764040398533
-6526.229977027582,2048.860698503575
3746.653506537516,5304.093525783417
-8525.92010103024,-5837.95664112722
5049.718039439882,-414.9947021096887
-3850.848434868084,-5102.014391215328
-3176.52595095741,-778.5386629277127
7682.360411242138,-9098.503269050829
-2233.460592751612,4356.770144268501
-3719.691465401232,7540.399384193322
5270.546790260969,-5799.446934728318
-2826.398839339752,-4000.1126006247305
-3391.026175598497,3461.7137450125865
2349.5121265502603,6299.931024568819
-7987.49781660504,4047.710460621565
-3511.9070914792765,-5211.433301517454
6345.656489242094,-1417.315047500937
2919.995616764096,9937.476442266332
-3592.955002737006,1424.1854335729658
5034.413594921982,5065.923496755911
-5377.761223768307,-9472.429074454432
57.21047769053621,8723.008216360315
4966.614530364879,7411.967375138425
1126.3876412122318,4192.581687552811
8848.881277206947,6722.42541194399
4331.650611162053,9991.35260314613
-2561.3876243114755,-1148.3745487778433
-865.2678642083338,2921.91445197973
9955.899475077304,-7746.346727908238
-2435.767154974211,-8645.398572635047
-7171.319105537399,9002.371460788927
-1973.5289788697564,1295.0523324649585
-7178.617626951378,-2528.07640629477
8906.747878347196,8549.2482987236
-3366.5142142989653,-2391.5992453843464
555.5452006997148,1444.8131356565027
1187.7166962202482,2992.9193248405445
6766.557760756361,-1403.0478733808525
-6100.019281879198,-2843.5982592689425
-3010.85024618829,-7325.540064490737
6811.177385014147,-61.81175748813803
-557.5423249923497,-508.28450388287456
-4034.883558678104,-674.8470570741774
8812.148657783553,3330.501709113494
9637.49826897286,-6009.68420417832
-6640.87654925535,4418.339912788571
-2235.763326356628,-5674.738980274076
-505.594260091937,8155.3637093381585
1275.7082541716463,2424.2661992318062
2694.1774602939117,4697.134396373376
-5700.123223402089,4552.624811541613
5945.802594375431,-6817.4991295431055
6816.768884689034,-4256.410191998055
7464.255326921368,-3133.8514987339368
-8010.216435305808,170.71732675549538
7647.27235457312,1167.1913693298338
-291.12885708094655,-4397.535731703757
3295.9472856752877,8984.337433512734
3300.8177295196874,4193.864475252212
-770.7948141487741,-6848.119686083085
6776.067557409817,-2796.7096324821923
-570.0566313700547,6732.323207042682
-4101.645596224947,7061.9785746876405
-7125.559075712391,1860.1005914188408
8967.537937567064,4327.434150427316
-2817.572308673997,675.805482363101
1304.352047524706,7668.491479995777
-736.5387559240826,-555.708973364246
-1876.5380498299676,6660.546959586372
231.3729914103278,-6287.152163768054
-3593.779399108026,-6695.441786306947
7566.95019036164,9908.67107354659
4598.900467044183,-1906.5058977931092
-1648.0212357707787,9372.400059279898
-9004.921486320405,-9285.264201624212
8975.10602456703,4347.920271571113
1566.5259935379145,-390.5513430558676
-154.97927733767392,8643.959432423133
893.5294867257799,3089.6476516058483
-5677.983762838621,1268.0322187675538
-1545.739640058002,1708.9126549384218
-6975.415305207298,-7024.691884696133
3515.3772236914247,1577.2792156029918
2187.7765950210232,89.98380482482753
-8239.740619118817,-9704.32275009712
-5922.293846529827,6277.449006077968
1409.0807293500748,-3882.643666311954
-5192.991854484694,7800.641221742782
4430.777919879718,1753.6465490511
-3488.75510086722,5706.55700130605
-9113.443684420905,-9709.573552867752
-7345.743463496443,9438.17307532977
-6189.783917011251,3119.991644708241
-4879.738867797408,4283.415616523105
-2039.762826236897,-3747.792739947655
7863.310557007018,9310.858816517795
3018.0784997833307,-54.48484988257587
-1107.072100979247,1379.625564534299
-6748.27190543297,6049.611015188029
6217.459958705409,-6848.6605739048255
7719.237944730798,-5898.534386701839
-6217.404594356372,2106.649244186672
4042.4055986364856,2297.889013039083
-8146.506818485391,4241.802548562244
286.90197495237226,7805.658026251691
-3477.2405349775745,9954.12060997046
9967.129499996128,-9334.762965205267
3365.369429846807,9696.38636896528
-2192.1896360764977,8448.930370120754
400.8561524883189,9813.530547487531
280.371364908804,-6436.82699882812
-5931.653822682312,-1934.1348877384096
2800.9553810779544,-4666.073452163076
-5411.740648508973,-4201.0900494158295
-6270.86699244203,962.4654718513356
3740.90485646898,-1596.8167959002112
9342.279283319662,-2613.3255589726505
8820.012979541512,-9335.036717088657
9833.425399183983,9573.023918046623
3675.986855448948,3064.511418362068
6405.099253516622,5162.266322117117
-2524.368561305093,-6803.769462626119
6831.631039311673,-9442.786283084308
193.6627509479804,3737.600721131799
2093.768398604605,1208.8406819406846
-3579.6722654632604,-8723.934719805096
-4988.6273553522,-6984.525818335205
-7846.50320463121,-9160.045864748352
5932.543984247881,-656.1054574528389
-8895.254179036147,7611.287896480702
-2669.2502795844675,-2615.281919994732
1327.0137256659727,-1090.4191530372027
-1746.9028139683433,-5518.294630500877
441.5402384261761,-8951.043789746385
-9676.037712423456,-7799.5648048896
9506.931601433664,-232.7182093800766
-1107.1130172879602,-2428.3281169576967
3951.4389166593137,-8997.52953708732
5747.478818574509,-148.35398173310932
7249.878757830538,9461.109656887667
-3229.122414935062,-1127.4682064496335
3899.4809385032495,923.7547205632218
122.47686737868388,-6244.34617464648
-5572.012186410884,1222.2742599009634
9749.164224224663,-8951.335695644248
-5693.202982214414,4319.272542973382
6709.186687232472,4101.296130977476
5530.765065234464,-4488.943995917649
1908.116544144272,7347.589289309821
2974.675098214549,5222.554815420688
8581.238055157064,-2498.4355509016214
-4771.157590491599,-1173.2803801010832
-7176.144078336984,9106.340501765178
7598.691949463348,4913.733356405137
2599.1413978522323,-56.3637466790442
7510.160557796589,2307.7065838444687
-4172.382361111327,3437.7367388377734
2959.267039655111,-712.6150891584421
-4878.945995447896,-4350.781597816335
-8377.641935885647,8411.449118614615
4724.221794686195,3204.637429496681
-200.42300636021355,-98.3752584552858
-1770.961089227807,3631.51738428494
4959.795535934854,6214.619162830168
4312.560839164704,-4759.598909607375
-3318.733929256241,7482.778015795538
-5481.298369549277,6388.312984800748
-3561.709349376638,-2915.3336645607706
-5624.829583712896,7799.261569044636
8682.374699161926,-8024.691467125549
4067.054706368863,-5625.155779143627
8226.268237851538,3293.372216379439
-118.45500602039648,7441.13288803805
8699.387538629006,-8343.629588993927
-9748.42956745021,8293.58814577838
-6418.362615528439,-4458.796726778995
9708.443755117416,-9977.48343733781
-1352.3977360151184,-6653.559276085534
9958.508198423086,4322.799094759806
4140.006190718299,-6430.719340640599
-2329.199949151828,3658.937960401745
9884.101183270934,-1981.225177043524
-5888.744992558976,-9576.670792554449
-2680.789461522797,3.955970606435585
-8926.43747219348,-8853.215399665429
-8161.101346246882,-1825.873729340237
5802.117746155078,1274.3853155055822
2204.296067239984,9265.848585153535
6896.934638522311,4840.177011390833
-5633.80254651789,-8653.4903402687
-2031.61995076492,-9158.4448189139
-6227.826358550117,-8341.312473659777
9582.17303816366,-8273.41733887059
-8435.779183039373,1585.6452637515576
1219.4486847795652,6972.232084178704
-9729.648409317935,2287.42759208407
-5217.444181990887,-9855.45155576865
7541.916884602171,-5588.060978278273
-7426.806395328824,3663.254554422832
-438.3203713924959,-5025.511874957251
3401.2948838947414,2492.880104551703
-2329.1116651001057,6938.284456630681
-3188.1246046883025,-5981.48295426812
3298.5430487676517,6697.068410186137
2115.684945993493,2458.0252561133293
8725.62324927839,-4369.734988675676
-6165.600805766647,-6318.676511989781
3889.733000956876,-236.0045565776163
3678.780964518064,-7581.451285955423
-1477.685801039168,-402.63482680760353
-7244.995363469468,-3757.137027785784
2978.0865661966272,4713.754199484392
-4789.975603075314,1021.821383534756
-1361.4129229196317,1732.011658445905
2673.3359989168566,141.34125354488606
2435.653919752136,-8606.976114584962
3450.978485598811,-4374.826980047128
8021.881373414242,-5694.919686549487
-5187.689300848919,8758.81772857486
-9579.192213104236,6648.348953251807
-3738.263141502587,5709.048333137125
7939.054828671051,-5954.3040066204285
142.85487506675418,-8174.982797104138
-6627.351175504875,8840.786946844844
-9779.606070903472,-6747.1529308187055
-6629.567005053279,-7332.483675258643
-5585.620912801419,6051.597366533944
7366.153238771316,2627.126407710488
862.2899407110654,1108.9394979557983
7663.112305560186,-8544.262740066126
-2787.044720046812,963.6752451645134
-301.1225186090396,-7562.723041783117
6421.699434355531,-1764.5776890394463
-7626.194319238406,4752.396104357456
-2743.427054647096,7453.922672241759
-9249.136556543695,-1137.9328975437984
-1690.7191599191085,-6266.026776184856
9593.65717093898,5583.156714215638
1505.4318372600446,-2591.907415421433
5649.9591383855095,-450.61639150669725
2698.148164367838,-4229.534083298822
394.1771400531852,-738.5678726870465
2965.067961753495,7608.76711976168
8551.762742490788,1050.8515164536748
306.43800701053624,-4512.294780505488
4556.527036290112,9281.526094737785
-8576.428178966595,2046.7666033140813
7405.136761411759,-1364.7323708256936
-4551.037365446388,9756.470515800323
943.9933771517572,90.69891491533416
7244.905697744965,-9206.825296017463
768.6119636556814,-6457.904268319401
-3183.624023168747,-8173.878456081451
1072.339263957958,6328.7085334831045
-2133.680501324844,9863.40811665637
6975.059104176995,-2695.4744928175514
5670.028479737979,-6556.501670320871
8883.89370049617,9895.906678311912
-340.9084302819574,-3521.331107456038
5806.648058531227,-9565.39167882454
3728.689186083775,-3622.573211164076
-7813.885014566877,1041.0473004989344
-7200.156027256912,-6097.006861480812
-9371.611136920905,7171.089072184546
1220.2605304749577,495.7361116846823
-1270.9985529335318,8558.133108664417
5045.987137675518,-5604.347429169452
7936.419571076793,-1796.8869642694772
5401.570554055692,-9130.445222242506
-1060.367764501516,6264.390518898927
2761.549667225183,-1636.925489758478
-566.7631339355885,-5294.948190849318
4933.575429052873,-6856.257731456432
687.2451800436993,1828.847563852172
681.3108277508363,2625.177922507793
3126.89312690939,4763.51196077906
6480.707421468629,-5053.981546995925
-3994.380641334803,5988.549540866026
6432.190735885182,-6885.300507769023
7364.347225176469,-5628.014707431541
6039.66600619428,-800.066723783395
-9725.29700125864,-2934.4827672985048
-4863.128346839605,-8021.93454044223
-4880.703303339055,-969.930909036937
651.8035461842792,8984.55414160647
-1963.1211570888936,7101.262327324268
-4988.117935660468,9664.369997841968
8109.126074490483,4524.4944842099285
8435.256242148109,3128.0171445856067
-9895.246384801185,4954.236070390687
2830.312202905863,4191.762244419013
9743.15292077393,-6883.18122278869
-4744.812341404588,1505.2397191822856
-2578.4813659539977,7000.910155955575
-6430.51080589794,4245.108636053137
5169.483438664502,-8069.314768469858
3944.7193998288058,-6063.766284681402
8400.649112488394,-346.54395840446523
-2991.6661845491444,273.2662684777588
2025.0136950011693,-5952.695589116574
-8023.231992352433,-2903.2245423361182
-7926.660944910637,-9681.178520566782
-7960.351788320355,-7563.913392168344
6671.645608022136,-3005.454003565357
6154.019014178801,-7765.899333565567
-1507.9605613940803,2484.634269634089
-6740.996883266223,2791.787458875144
2809.20891640948,-1907.537481178157
9825.044331620147,8428.64601755705
-4844.3044157217855,8534.981100750367
4636.772334521842,-3293.657286258571
1538.4811481468478,5195.426004296447
-8568.881113019695,906.70042718301
-4353.668317611532,2443.5964274313937
9620.758919060438,-5809.954064222462
-10.058949793552529,-4943.537686872502
-4337.586224921821,-1709.6210321452672
-2660.439996768277,-9576.120880669763
7882.520971589747,2614.7172998704245
-8683.552782326064,4013.2428794690986
6849.638328351375,6008.958137308093
7619.985944913664,2061.270109067156
-9768.933349501664,4057.3698728646505
-3439.901562964922,-9797.10567760186
1773.5998224882496,2392.6561315024646
-6678.599394322151,918.4865968582944
7763.656625697931,1273.667349598256
3758.27409301497,5612.241390961486
2899.449842212309,-5102.758819784354
-3110.724232004318,7186.325706189044
-5266.977230550311,-1347.6541138059056
6847.849459778838,1705.7878781031577
263.13656672016623,-4862.845088755965
-3831.6674322835433,-4227.857051603305
